"Procedure","SnapshotLine","Callers","RepositoryDefinitions"
"sp_alterdiagram","412","",""
"sp_ApproveOutwardChallan","479","Models\DataLayer.cs","DatabaseSchema.sql"
"sp_AssignUnloading","529","DAL\UnloadTransactionDAL.cs","Workflow_Schema_Update.sql"
"sp_CompleteGateExit","548","DAL\GateEntryDAL.cs","TransactionSchema.sql"
"sp_creatediagram","564","",""
"sp_CreateGateEntry","624","DAL\GateEntryDAL.cs","GateEntry_Location_Update.sql; TransactionSchema.sql; Workflow_Schema_Update.sql"
"sp_CreateGatemanInward","640","Models\DataLayer.cs","DatabaseSchema.sql"
"sp_CreateSecurityIncident","672","Models\DataLayer.cs","PDF_Module_Schema_Update.sql"
"sp_CreateTempMaterialEntry","704","Models\DataLayer.cs","PDF_Module_Schema_Update.sql"
"sp_CreateUserLogin","744","DAL\PersonDAL.cs","AutoCode_And_Department_DB_Update.sql; DatabaseSchema.sql; Phase7_DB_Updates.sql"
"sp_CreateVisitorEntry","790","Models\DataLayer.cs","PDF_Module_Schema_Update.sql"
"sp_dropdiagram","830","",""
"sp_ExitVisitor","873","Models\DataLayer.cs","PDF_Module_Schema_Update.sql"
"sp_GetActiveInwardEntriesForDropdown","886","Models\DataLayer.cs","DatabaseSchema.sql"
"sp_GetAllBagTypes","899","DAL\BagTypeDAL.cs","RemainingMasterSPs.sql"
"sp_GetAllDesignations","910","","FinalMasterSPs.sql"
"Sp_GetAllDhermKataorLocations","921","Models\DataLayer.cs",""
"sp_GetAllGateEntries","947","DAL\GateEntryDAL.cs","FixDashboardSP.sql; TransactionSchema.sql; Workflow_Schema_Update.sql"
"sp_GetAllItemCategories","962","DAL\ItemCategoryDAL.cs","RemainingMasterSPs.sql"
"sp_GetAllItems","973","DAL\ItemDAL.cs","FinalMasterSPs.sql"
"Sp_GetAlloffice","985","",""
"sp_GetAllOffices","996","DAL\OfficeDAL.cs; Models\DataLayer.cs",""
"Sp_GetAllPersonFordublicacyMobileNumber","1007","DAL\PersonDAL.cs",""
"sp_GetAllPersons","1019","DAL\PersonDAL.cs",""
"sp_GetAllPosts","1043","DAL\PostDAL.cs; Models\DataLayer.cs","RemainingMasterSPs.sql"
"sp_GetAllSecurityIncidents","1054","Models\DataLayer.cs","PDF_Registers_Get_SPs.sql"
"sp_GetAllTempMaterials","1068","Models\DataLayer.cs","PDF_Registers_Get_SPs.sql"
"sp_GetAllVehicles","1082","DAL\VehicleDAL.cs","FinalMasterSPs.sql"
"sp_GetAllVisitors","1093","Models\DataLayer.cs","PDF_Registers_Get_SPs.sql"
"sp_GetChallanDetailsForOutward","1107","Models\DataLayer.cs","DatabaseSchema.sql"
"sp_GetDashboardStats","1136","","FixDashboardSP.sql; Phase7_DB_Updates.sql"
"Sp_GetemployeePost","1167","",""
"Sp_GetMeth","1175","",""
"sp_GetNextSerialNumber","1188","","DatabaseSchema.sql"
"sp_GetOfficeLocations","1203","","Phase9_DB_Updates.sql"
"sp_GetPartiesAndDriversByVehicle","1215","","Phase7_DB_Updates.sql"
"sp_GetPersonLocations","1236","","Phase9_DB_Updates.sql"
"Sp_GetPost","1249","",""
"sp_GetSettlementDetails","1257","DAL\SettlementDAL.cs","SettlementSP.sql"
"sp_GetWorkersByMeth","1284","Models\DataLayer.cs","DatabaseSchema.sql"
"sp_helpdiagramdefinition","1303","",""
"sp_helpdiagrams","1345","",""
"sp_InsertBagType","1378","DAL\BagTypeDAL.cs","RemainingMasterSPs.sql"
"sp_InsertDesignation","1391","","FinalMasterSPs.sql"
"sp_InsertGateEntryLocation","1403","DAL\GateEntryDAL.cs","Workflow_Schema_Update.sql"
"sp_InsertItem","1416","DAL\ItemDAL.cs","FinalMasterSPs.sql"
"sp_InsertItemCategory","1429","DAL\ItemCategoryDAL.cs","RemainingMasterSPs.sql"
"sp_InsertOffice","1441","DAL\OfficeDAL.cs; Models\DataLayer.cs","AutoCode_And_Department_DB_Update.sql"
"sp_InsertOfficeLocation","1470","DAL\OfficeDAL.cs","Phase9_DB_Updates.sql"
"sp_InsertPerson","1484","",""
"sp_InsertPersonLocation","1500","","Phase9_DB_Updates.sql"
"sp_InsertPost","1513","DAL\PostDAL.cs","RemainingMasterSPs.sql"
"Sp_InsertRelationBetweenOffice","1525","Models\DataLayer.cs",""
"sp_InsertUnloadLocation","1553","DAL\UnloadTransactionDAL.cs","Phase9_DB_Updates.sql"
"sp_InsertVehicle","1566","DAL\VehicleDAL.cs","FinalMasterSPs.sql"
"sp_InsertVehicleMapping","1578","DAL\VehicleDAL.cs","Phase7_DB_Updates.sql"
"sp_ManageDepartmentMaster","1594","Models\DataLayer.cs","PDF_Module_Schema_Update.sql"
"sp_ManageGateInwardEntry","1636","DAL\GateInwardDAL.cs","SQL_Gateman_Workflow_Setup.sql"
"sp_ManageGateMaster","1722","Models\DataLayer.cs","PDF_Module_Schema_Update.sql"
"sp_ManageLocationMaster","1769","DAL\LocationMasterDAL.cs","SQL_Location_Master_Setup.sql"
"sp_ManageOfficeLocationMapping","1839","DAL\LocationMasterDAL.cs","SQL_Location_Master_Fix.sql; SQL_Location_Master_Setup.sql"
"sp_renamediagram","1915","",""
"sp_ReturnTempMaterial","1979","Models\DataLayer.cs","PDF_Module_Schema_Update.sql"
"sp_SaveLabQualityCheck","2001","DAL\LabQualityCheckDAL.cs","TransactionSchema.sql"
"sp_SavePersondetails","2021","DAL\PersonDAL.cs","AutoCode_And_Department_DB_Update.sql; PersonRegistration_SP_Update.sql"
"sp_SaveUnloading","2106","","Phase9_DB_Updates.sql; TransactionSchema.sql"
"sp_SaveWorkerAllocation","2130","DAL\UnloadTransactionDAL.cs","TransactionSchema.sql"
"sp_SubmitUnloading","2143","DAL\UnloadTransactionDAL.cs","Workflow_Schema_Update.sql"
"sp_UpdateBagType","2163","DAL\BagTypeDAL.cs","RemainingMasterSPs.sql"
"sp_UpdateDesignation","2178","","FinalMasterSPs.sql"
"sp_UpdateItem","2192","DAL\ItemDAL.cs","FinalMasterSPs.sql"
"sp_UpdateItemCategory","2207","DAL\ItemCategoryDAL.cs","RemainingMasterSPs.sql"
"sp_UpdateOffice","2221","DAL\OfficeDAL.cs",""
"sp_UpdatePerson","2236","DAL\PersonDAL.cs",""
"sp_UpdatePost","2253","DAL\PostDAL.cs","RemainingMasterSPs.sql"
"sp_UpdateVehicle","2267","DAL\VehicleDAL.cs","FinalMasterSPs.sql"
"sp_upgraddiagrams","2281","",""
"sp_ValidateUser","2343","DAL\UserDAL.cs","AuthSP.sql; DatabaseSchema.sql"
"sp_VerifyUnloading","2367","DAL\UnloadTransactionDAL.cs","Workflow_Schema_Update.sql"
